feature,mean,median,std,min,max,count
n_x_clay,13.45,14.0,1.468081454788779,10,15,20
n_x_twi,17.2,17.0,0.4103913408340615,17,18,20
